timestamp,pid,mb,availableMb
2026-08-09T12:15:45,24324,140,4664
2026-08-09T12:15:45,25616,2368,4664
2026-08-09T12:15:45,26504,2346,4664
2026-08-09T12:15:45,39536,140,4664
2026-08-09T12:15:45,42336,2464,4664
2026-08-09T12:15:45,42344,2391,4664
2026-08-09T12:15:45,44364,142,4664
2026-08-09T12:15:45,45328,2331,4664
2026-08-09T12:15:45,45668,139,4664
2026-08-09T12:15:45,47072,2844,4664
2026-08-09T12:15:45,47540,140,4664
2026-08-09T12:15:45,48136,141,4664
2026-08-09T12:16:15,24324,139,4870
2026-08-09T12:16:15,25616,2378,4870
2026-08-09T12:16:15,26504,2336,4870
2026-08-09T12:16:15,39536,140,4870
2026-08-09T12:16:15,42336,2469,4870
2026-08-09T12:16:15,42344,2397,4870
2026-08-09T12:16:15,44364,142,4870
2026-08-09T12:16:15,45328,2334,4870
2026-08-09T12:16:15,45668,139,4870
2026-08-09T12:16:15,47072,2852,4870
2026-08-09T12:16:15,47540,140,4870
2026-08-09T12:16:15,48136,141,4870
2026-08-09T12:16:46,24324,140,4882
2026-08-09T12:16:46,25616,2380,4882
2026-08-09T12:16:46,26504,2341,4882
2026-08-09T12:16:46,39536,140,4882
2026-08-09T12:16:46,42336,2474,4882
2026-08-09T12:16:46,42344,2397,4882
2026-08-09T12:16:46,44364,142,4882
2026-08-09T12:16:46,45328,2337,4882
2026-08-09T12:16:46,45668,138,4882
2026-08-09T12:16:46,47072,2860,4882
2026-08-09T12:16:46,47540,140,4882
2026-08-09T12:16:46,48136,141,4882
2026-08-09T12:17:16,24324,140,4886
2026-08-09T12:17:16,25616,2382,4886
2026-08-09T12:17:16,26504,2346,4886
2026-08-09T12:17:16,39536,140,4886
2026-08-09T12:17:16,42336,2461,4886
2026-08-09T12:17:16,42344,2389,4886
2026-08-09T12:17:16,44364,142,4886
2026-08-09T12:17:16,45328,2327,4886
2026-08-09T12:17:16,45668,138,4886
2026-08-09T12:17:16,47072,2863,4886
2026-08-09T12:17:16,47540,140,4886
2026-08-09T12:17:16,48136,141,4886
2026-08-09T12:17:46,24324,140,4698
2026-08-09T12:17:46,25616,2379,4698
2026-08-09T12:17:46,26504,2345,4698
2026-08-09T12:17:46,37692,139,4698
2026-08-09T12:17:46,39536,140,4698
2026-08-09T12:17:46,42336,2475,4698
2026-08-09T12:17:46,42344,2394,4698
2026-08-09T12:17:46,44364,142,4698
2026-08-09T12:17:46,45328,2332,4698
2026-08-09T12:17:46,47072,2868,4698
2026-08-09T12:17:46,47540,140,4698
2026-08-09T12:17:46,48136,141,4698
2026-08-09T12:18:16,24324,140,4586
2026-08-09T12:18:16,25616,2380,4586
2026-08-09T12:18:16,26504,2399,4586
2026-08-09T12:18:16,37692,141,4586
2026-08-09T12:18:16,39536,140,4586
2026-08-09T12:18:16,42336,2471,4586
2026-08-09T12:18:16,42344,2395,4586
2026-08-09T12:18:16,44364,142,4586
2026-08-09T12:18:16,45328,2332,4586
2026-08-09T12:18:16,47072,2876,4586
2026-08-09T12:18:16,47540,140,4586
2026-08-09T12:18:16,48136,141,4586
2026-08-09T12:18:46,24324,140,4512
2026-08-09T12:18:46,25616,2363,4512
2026-08-09T12:18:46,26504,2387,4512
2026-08-09T12:18:46,37692,141,4512
2026-08-09T12:18:46,39536,140,4512
2026-08-09T12:18:46,42336,2468,4512
2026-08-09T12:18:46,42344,2396,4512
2026-08-09T12:18:46,44364,142,4512
2026-08-09T12:18:46,45328,2374,4512
2026-08-09T12:18:46,47072,2900,4512
2026-08-09T12:18:46,47540,140,4512
2026-08-09T12:18:46,48136,141,4512
2026-08-09T12:19:17,24324,140,4618
2026-08-09T12:19:17,25616,2373,4618
2026-08-09T12:19:17,26504,2387,4618
2026-08-09T12:19:17,37692,141,4618
2026-08-09T12:19:17,39536,140,4618
2026-08-09T12:19:17,42336,2465,4618
2026-08-09T12:19:17,42344,2407,4618
2026-08-09T12:19:17,44364,142,4618
2026-08-09T12:19:17,45328,2354,4618
2026-08-09T12:19:17,47072,2891,4618
2026-08-09T12:19:17,47540,140,4618
2026-08-09T12:19:17,48136,141,4618
2026-08-09T12:19:47,24324,140,4541
2026-08-09T12:19:47,25616,2400,4541
2026-08-09T12:19:47,26504,2376,4541
2026-08-09T12:19:47,37692,140,4541
2026-08-09T12:19:47,39536,140,4541
2026-08-09T12:19:47,42336,2476,4541
2026-08-09T12:19:47,42344,2413,4541
2026-08-09T12:19:47,44364,142,4541
2026-08-09T12:19:47,45328,2370,4541
2026-08-09T12:19:47,47072,2895,4541
2026-08-09T12:19:47,47540,140,4541
2026-08-09T12:19:47,48136,141,4541
2026-08-09T12:20:17,24324,140,4481
2026-08-09T12:20:17,25616,2405,4481
2026-08-09T12:20:17,26504,2379,4481
2026-08-09T12:20:17,37692,141,4481
2026-08-09T12:20:17,39536,140,4481
2026-08-09T12:20:17,42336,2495,4481
2026-08-09T12:20:17,42344,2416,4481
2026-08-09T12:20:17,44364,142,4481
2026-08-09T12:20:17,45328,2370,4481
2026-08-09T12:20:17,47072,2896,4481
2026-08-09T12:20:17,47540,140,4481
2026-08-09T12:20:17,48136,141,4481
2026-08-09T12:20:47,24324,140,4521
2026-08-09T12:20:47,25616,2405,4521
2026-08-09T12:20:47,26504,2380,4521
2026-08-09T12:20:47,37692,141,4521
2026-08-09T12:20:47,39536,140,4521
2026-08-09T12:20:47,42336,2508,4521
2026-08-09T12:20:47,42344,2415,4521
2026-08-09T12:20:47,44364,142,4521
2026-08-09T12:20:47,45328,2379,4521
2026-08-09T12:20:47,47072,2897,4521
2026-08-09T12:20:47,47540,140,4521
2026-08-09T12:20:47,48136,141,4521
2026-08-09T12:21:17,24324,140,4624
2026-08-09T12:21:17,25616,2406,4624
2026-08-09T12:21:17,26504,2384,4624
2026-08-09T12:21:17,37692,141,4624
2026-08-09T12:21:17,39536,140,4624
2026-08-09T12:21:17,42336,2493,4624
2026-08-09T12:21:17,42344,2413,4624
2026-08-09T12:21:17,44364,142,4624
2026-08-09T12:21:17,45328,2369,4624
2026-08-09T12:21:17,47072,2894,4624
2026-08-09T12:21:17,47540,140,4624
2026-08-09T12:21:17,48136,143,4624
2026-08-09T12:21:48,24324,140,4657
2026-08-09T12:21:48,25616,2390,4657
2026-08-09T12:21:48,26504,2372,4657
2026-08-09T12:21:48,37692,141,4657
2026-08-09T12:21:48,39536,140,4657
2026-08-09T12:21:48,42336,2506,4657
2026-08-09T12:21:48,42344,2410,4657
2026-08-09T12:21:48,44364,142,4657
2026-08-09T12:21:48,45328,2365,4657
2026-08-09T12:21:48,47072,2882,4657
2026-08-09T12:21:48,47540,140,4657
2026-08-09T12:21:48,48136,141,4657
2026-08-09T12:22:18,24324,140,4726
2026-08-09T12:22:18,25616,2398,4726
2026-08-09T12:22:18,26504,2385,4726
2026-08-09T12:22:18,37692,141,4726
2026-08-09T12:22:18,39536,140,4726
2026-08-09T12:22:18,42336,2508,4726
2026-08-09T12:22:18,42344,2415,4726
2026-08-09T12:22:18,44364,142,4726
2026-08-09T12:22:18,45328,2364,4726
2026-08-09T12:22:18,47072,2886,4726
2026-08-09T12:22:18,47540,140,4726
2026-08-09T12:22:18,48136,141,4726
2026-08-09T12:22:48,24324,140,4691
2026-08-09T12:22:48,25616,2403,4691
2026-08-09T12:22:48,26504,2386,4691
2026-08-09T12:22:48,37692,141,4691
2026-08-09T12:22:48,39536,140,4691
2026-08-09T12:22:48,42336,2511,4691
2026-08-09T12:22:48,42344,2414,4691
2026-08-09T12:22:48,44364,142,4691
2026-08-09T12:22:48,45328,2368,4691
2026-08-09T12:22:48,47072,2892,4691
2026-08-09T12:22:48,47540,140,4691
2026-08-09T12:22:48,48136,141,4691
2026-08-09T12:23:18,24324,140,4714
2026-08-09T12:23:18,25616,2402,4714
2026-08-09T12:23:18,26504,2382,4714
2026-08-09T12:23:18,37692,141,4714
2026-08-09T12:23:18,39536,140,4714
2026-08-09T12:23:18,42336,2498,4714
2026-08-09T12:23:18,42344,2413,4714
2026-08-09T12:23:18,44364,142,4714
2026-08-09T12:23:18,45328,2366,4714
2026-08-09T12:23:18,47072,2895,4714
2026-08-09T12:23:18,47540,140,4714
2026-08-09T12:23:18,48136,141,4714
2026-08-09T12:23:48,24324,140,4640
2026-08-09T12:23:48,25616,2401,4640
2026-08-09T12:23:48,26504,2386,4640
2026-08-09T12:23:48,37692,142,4640
2026-08-09T12:23:48,39536,140,4640
2026-08-09T12:23:48,42336,2504,4640
2026-08-09T12:23:48,42344,2420,4640
2026-08-09T12:23:48,44364,142,4640
2026-08-09T12:23:48,45328,2373,4640
2026-08-09T12:23:48,47072,2900,4640
2026-08-09T12:23:48,47540,140,4640
2026-08-09T12:23:48,48136,141,4640
2026-08-09T12:24:19,24324,140,4551
2026-08-09T12:24:19,25616,2399,4551
2026-08-09T12:24:19,26504,2380,4551
2026-08-09T12:24:19,37692,141,4551
2026-08-09T12:24:19,39536,140,4551
2026-08-09T12:24:19,42336,2511,4551
2026-08-09T12:24:19,42344,2419,4551
2026-08-09T12:24:19,44364,142,4551
2026-08-09T12:24:19,45328,2371,4551
2026-08-09T12:24:19,47072,2902,4551
2026-08-09T12:24:19,47540,140,4551
2026-08-09T12:24:19,48136,141,4551
2026-08-09T12:24:49,24324,140,4590
2026-08-09T12:24:49,25616,2400,4590
2026-08-09T12:24:49,26504,2383,4590
2026-08-09T12:24:49,37692,141,4590
2026-08-09T12:24:49,39536,141,4590
2026-08-09T12:24:49,42336,2514,4590
2026-08-09T12:24:49,42344,2406,4590
2026-08-09T12:24:49,44364,142,4590
2026-08-09T12:24:49,45328,2373,4590
2026-08-09T12:24:49,47072,2904,4590
2026-08-09T12:24:49,47540,140,4590
2026-08-09T12:24:49,48136,141,4590
2026-08-09T12:25:19,24324,140,4642
2026-08-09T12:25:19,25616,2400,4642
2026-08-09T12:25:19,26504,2387,4642
2026-08-09T12:25:19,37692,142,4642
2026-08-09T12:25:19,39536,141,4642
2026-08-09T12:25:19,42336,2512,4642
2026-08-09T12:25:19,42344,2407,4642
2026-08-09T12:25:19,44364,142,4642
2026-08-09T12:25:19,45328,2357,4642
2026-08-09T12:25:19,47072,2890,4642
2026-08-09T12:25:19,47540,140,4642
2026-08-09T12:25:19,48136,141,4642
2026-08-09T12:25:49,24324,140,4623
2026-08-09T12:25:49,25616,2399,4623
2026-08-09T12:25:49,26504,2381,4623
2026-08-09T12:25:49,37692,142,4623
2026-08-09T12:25:49,39536,141,4623
2026-08-09T12:25:49,42336,2519,4623
2026-08-09T12:25:49,42344,2417,4623
2026-08-09T12:25:49,44364,142,4623
2026-08-09T12:25:49,45328,2370,4623
2026-08-09T12:25:49,47072,2887,4623
2026-08-09T12:25:49,47540,140,4623
2026-08-09T12:25:49,48136,141,4623
2026-08-09T12:26:19,24324,140,4781
2026-08-09T12:26:19,25616,2401,4781
2026-08-09T12:26:19,26504,2387,4781
2026-08-09T12:26:19,37692,142,4781
2026-08-09T12:26:19,39536,141,4781
2026-08-09T12:26:19,42336,2526,4781
2026-08-09T12:26:19,42344,2419,4781
2026-08-09T12:26:19,44364,142,4781
2026-08-09T12:26:19,45328,2372,4781
2026-08-09T12:26:19,47072,2897,4781
2026-08-09T12:26:19,47540,140,4781
2026-08-09T12:26:19,48136,141,4781
2026-08-09T12:26:49,24324,140,4730
2026-08-09T12:26:49,25616,2412,4730
2026-08-09T12:26:49,26504,2392,4730
2026-08-09T12:26:49,37692,142,4730
2026-08-09T12:26:49,39536,141,4730
2026-08-09T12:26:49,42336,2529,4730
2026-08-09T12:26:49,42344,2420,4730
2026-08-09T12:26:49,44364,142,4730
2026-08-09T12:26:49,45328,2379,4730
2026-08-09T12:26:49,47072,2887,4730
2026-08-09T12:26:49,47540,140,4730
2026-08-09T12:26:49,48136,141,4730
2026-08-09T12:27:20,24324,140,4752
2026-08-09T12:27:20,25616,2409,4752
2026-08-09T12:27:20,26504,2389,4752
2026-08-09T12:27:20,37692,142,4752
2026-08-09T12:27:20,39536,141,4752
2026-08-09T12:27:20,42336,2507,4752
2026-08-09T12:27:20,42344,2417,4752
2026-08-09T12:27:20,44364,142,4752
2026-08-09T12:27:20,45328,2375,4752
2026-08-09T12:27:20,47072,2892,4752
2026-08-09T12:27:20,47540,140,4752
2026-08-09T12:27:20,48136,141,4752
2026-08-09T12:27:50,24324,140,4726
2026-08-09T12:27:50,25616,2404,4726
2026-08-09T12:27:50,26504,2390,4726
2026-08-09T12:27:50,37692,142,4726
2026-08-09T12:27:50,39536,141,4726
2026-08-09T12:27:50,42336,2518,4726
2026-08-09T12:27:50,42344,2425,4726
2026-08-09T12:27:50,44364,142,4726
2026-08-09T12:27:50,45328,2379,4726
2026-08-09T12:27:50,47072,2900,4726
2026-08-09T12:27:50,47540,140,4726
2026-08-09T12:27:50,48136,141,4726
2026-08-09T12:28:20,24324,140,4665
2026-08-09T12:28:20,25616,2406,4665
2026-08-09T12:28:20,26504,2393,4665
2026-08-09T12:28:20,37692,142,4665
2026-08-09T12:28:20,39536,141,4665
2026-08-09T12:28:20,42336,2512,4665
2026-08-09T12:28:20,42344,2425,4665
2026-08-09T12:28:20,44364,142,4665
2026-08-09T12:28:20,45328,2372,4665
2026-08-09T12:28:20,47072,2919,4665
2026-08-09T12:28:20,47540,140,4665
2026-08-09T12:28:20,48136,143,4665
2026-08-09T12:28:50,24324,140,2263
2026-08-09T12:28:50,25616,2396,2263
2026-08-09T12:28:50,26504,2376,2263
2026-08-09T12:28:50,37692,141,2263
2026-08-09T12:28:50,39536,141,2263
2026-08-09T12:28:50,42336,2499,2263
2026-08-09T12:28:50,42344,2401,2263
2026-08-09T12:28:50,44364,142,2263
2026-08-09T12:28:50,45328,2360,2263
2026-08-09T12:28:50,47072,2889,2263
2026-08-09T12:28:50,47540,140,2263
2026-08-09T12:28:50,48136,141,2263
2026-08-09T12:29:21,24324,140,2865
2026-08-09T12:29:21,25616,2400,2865
2026-08-09T12:29:21,26504,2376,2865
2026-08-09T12:29:21,37692,141,2865
2026-08-09T12:29:21,39536,141,2865
2026-08-09T12:29:21,42336,2497,2865
2026-08-09T12:29:21,42344,2411,2865
2026-08-09T12:29:21,44364,142,2865
2026-08-09T12:29:21,45328,2365,2865
2026-08-09T12:29:21,47072,2889,2865
2026-08-09T12:29:21,47540,140,2865
2026-08-09T12:29:21,48136,141,2865
2026-08-09T12:29:51,24324,140,2927
2026-08-09T12:29:51,25616,2406,2927
2026-08-09T12:29:51,26504,2365,2927
2026-08-09T12:29:51,37692,141,2927
2026-08-09T12:29:51,39536,141,2927
2026-08-09T12:29:51,42336,2498,2927
2026-08-09T12:29:51,42344,2409,2927
2026-08-09T12:29:51,44364,142,2927
2026-08-09T12:29:51,45328,2363,2927
2026-08-09T12:29:51,47072,2889,2927
2026-08-09T12:29:51,47540,140,2927
2026-08-09T12:29:51,48136,141,2927
2026-08-09T12:30:21,24324,140,2691
2026-08-09T12:30:21,25616,2400,2691
2026-08-09T12:30:21,26504,2370,2691
2026-08-09T12:30:21,37692,141,2691
2026-08-09T12:30:21,39536,142,2691
2026-08-09T12:30:21,42336,2502,2691
2026-08-09T12:30:21,42344,2410,2691
2026-08-09T12:30:21,44364,142,2691
2026-08-09T12:30:21,45328,2360,2691
2026-08-09T12:30:21,47072,2892,2691
2026-08-09T12:30:21,47540,140,2691
2026-08-09T12:30:21,48136,141,2691
2026-08-09T12:30:51,24324,140,2766
2026-08-09T12:30:51,25616,2400,2766
2026-08-09T12:30:51,26504,2372,2766
2026-08-09T12:30:51,37692,141,2766
2026-08-09T12:30:51,39536,141,2766
2026-08-09T12:30:51,42336,2501,2766
2026-08-09T12:30:51,42344,2407,2766
2026-08-09T12:30:51,44364,142,2766
2026-08-09T12:30:51,45328,2355,2766
2026-08-09T12:30:51,47072,2891,2766
2026-08-09T12:30:51,47540,140,2766
2026-08-09T12:30:51,48136,141,2766
2026-08-09T12:31:21,24324,140,2979
2026-08-09T12:31:21,25616,2404,2979
2026-08-09T12:31:21,26504,2372,2979
2026-08-09T12:31:21,37692,141,2979
2026-08-09T12:31:21,39536,141,2979
2026-08-09T12:31:21,42336,2499,2979
2026-08-09T12:31:21,42344,2403,2979
2026-08-09T12:31:21,44364,142,2979
2026-08-09T12:31:21,45328,2356,2979
2026-08-09T12:31:21,47072,2894,2979
2026-08-09T12:31:21,47540,140,2979
2026-08-09T12:31:21,48136,141,2979
2026-08-09T12:31:52,24324,140,3060
2026-08-09T12:31:52,25616,2401,3060
2026-08-09T12:31:52,26504,2376,3060
2026-08-09T12:31:52,37692,141,3060
2026-08-09T12:31:52,39536,141,3060
2026-08-09T12:31:52,42336,2497,3060
2026-08-09T12:31:52,42344,2404,3060
2026-08-09T12:31:52,44364,142,3060
2026-08-09T12:31:52,45328,2355,3060
2026-08-09T12:31:52,47072,2899,3060
2026-08-09T12:31:52,47540,140,3060
2026-08-09T12:31:52,48136,141,3060
2026-08-09T12:32:22,24324,140,2907
2026-08-09T12:32:22,25616,2405,2907
2026-08-09T12:32:22,26504,2369,2907
2026-08-09T12:32:22,37692,141,2907
2026-08-09T12:32:22,39536,141,2907
2026-08-09T12:32:22,42336,2500,2907
2026-08-09T12:32:22,42344,2404,2907
2026-08-09T12:32:22,44364,142,2907
2026-08-09T12:32:22,45328,2355,2907
2026-08-09T12:32:22,47072,2900,2907
2026-08-09T12:32:22,47540,140,2907
2026-08-09T12:32:22,48136,141,2907
2026-08-09T12:32:52,24324,140,2908
2026-08-09T12:32:52,25616,2408,2908
2026-08-09T12:32:52,26504,2371,2908
2026-08-09T12:32:52,37692,141,2908
2026-08-09T12:32:52,39536,141,2908
2026-08-09T12:32:52,42336,2498,2908
2026-08-09T12:32:52,42344,2400,2908
2026-08-09T12:32:52,44364,142,2908
2026-08-09T12:32:52,45328,2357,2908
2026-08-09T12:32:52,47072,2902,2908
2026-08-09T12:32:52,47540,140,2908
2026-08-09T12:32:52,48136,141,2908
2026-08-09T12:33:22,24324,140,2786
2026-08-09T12:33:22,25616,2396,2786
2026-08-09T12:33:22,26504,2371,2786
2026-08-09T12:33:22,37692,141,2786
2026-08-09T12:33:22,39536,141,2786
2026-08-09T12:33:22,42336,2501,2786
2026-08-09T12:33:22,42344,2404,2786
2026-08-09T12:33:22,44364,142,2786
2026-08-09T12:33:22,45328,2357,2786
2026-08-09T12:33:22,47072,2910,2786
2026-08-09T12:33:22,47540,140,2786
2026-08-09T12:33:22,48136,141,2786
2026-08-09T12:33:52,24324,140,2767
2026-08-09T12:33:52,25616,2397,2767
2026-08-09T12:33:52,26504,2376,2767
2026-08-09T12:33:52,37692,141,2767
2026-08-09T12:33:52,39536,141,2767
2026-08-09T12:33:52,42336,2502,2767
2026-08-09T12:33:52,42344,2405,2767
2026-08-09T12:33:52,44364,142,2767
2026-08-09T12:33:52,45328,2356,2767
2026-08-09T12:33:52,47072,2918,2767
2026-08-09T12:33:52,47540,140,2767
2026-08-09T12:33:52,48136,141,2767
2026-08-09T12:34:23,24324,140,3002
2026-08-09T12:34:23,25616,2399,3002
2026-08-09T12:34:23,26504,2378,3002
2026-08-09T12:34:23,37692,141,3002
2026-08-09T12:34:23,39536,141,3002
2026-08-09T12:34:23,42336,2506,3002
2026-08-09T12:34:23,42344,2402,3002
2026-08-09T12:34:23,44364,142,3002
2026-08-09T12:34:23,45328,2355,3002
2026-08-09T12:34:23,47072,2922,3002
2026-08-09T12:34:23,47540,140,3002
2026-08-09T12:34:23,48136,141,3002
2026-08-09T12:34:53,24324,140,2841
2026-08-09T12:34:53,25616,2401,2841
2026-08-09T12:34:53,26504,2374,2841
2026-08-09T12:34:53,37692,141,2841
2026-08-09T12:34:53,39536,141,2841
2026-08-09T12:34:53,42336,2498,2841
2026-08-09T12:34:53,42344,2401,2841
2026-08-09T12:34:53,44364,142,2841
2026-08-09T12:34:53,45328,2360,2841
2026-08-09T12:34:53,47072,2917,2841
2026-08-09T12:34:53,47540,140,2841
2026-08-09T12:34:53,48136,141,2841
2026-08-09T12:35:23,24324,140,3048
2026-08-09T12:35:23,25616,2399,3048
2026-08-09T12:35:23,26504,2375,3048
2026-08-09T12:35:23,37692,141,3048
2026-08-09T12:35:23,39536,141,3048
2026-08-09T12:35:23,42336,2500,3048
2026-08-09T12:35:23,42344,2406,3048
2026-08-09T12:35:23,44364,142,3048
2026-08-09T12:35:23,45328,2358,3048
2026-08-09T12:35:23,47072,2922,3048
2026-08-09T12:35:23,47540,140,3048
2026-08-09T12:35:23,48136,141,3048
2026-08-09T12:35:53,24324,140,2858
2026-08-09T12:35:53,25616,2401,2858
2026-08-09T12:35:53,26504,2378,2858
2026-08-09T12:35:53,37692,141,2858
2026-08-09T12:35:53,39536,141,2858
2026-08-09T12:35:53,42336,2500,2858
2026-08-09T12:35:53,42344,2405,2858
2026-08-09T12:35:53,44364,142,2858
2026-08-09T12:35:53,45328,2360,2858
2026-08-09T12:35:53,47072,2919,2858
2026-08-09T12:35:53,47540,140,2858
2026-08-09T12:35:53,48136,141,2858
2026-08-09T12:36:23,24324,140,3291
2026-08-09T12:36:23,25616,2399,3291
2026-08-09T12:36:23,26504,2380,3291
2026-08-09T12:36:23,37692,143,3291
2026-08-09T12:36:23,39536,141,3291
2026-08-09T12:36:23,42336,2500,3291
2026-08-09T12:36:23,42344,2404,3291
2026-08-09T12:36:23,44364,142,3291
2026-08-09T12:36:23,45328,2360,3291
2026-08-09T12:36:23,47072,2921,3291
2026-08-09T12:36:23,47540,140,3291
2026-08-09T12:36:23,48136,141,3291
2026-08-09T12:36:54,24324,141,3127
2026-08-09T12:36:54,25616,2401,3127
2026-08-09T12:36:54,26504,2379,3127
2026-08-09T12:36:54,37692,141,3127
2026-08-09T12:36:54,39536,141,3127
2026-08-09T12:36:54,42336,2500,3127
2026-08-09T12:36:54,42344,2403,3127
2026-08-09T12:36:54,44364,142,3127
2026-08-09T12:36:54,45328,2357,3127
2026-08-09T12:36:54,47072,2923,3127
2026-08-09T12:36:54,47540,140,3127
2026-08-09T12:36:54,48136,141,3127
2026-08-09T12:37:24,24324,141,3287
2026-08-09T12:37:24,25616,2398,3287
2026-08-09T12:37:24,26504,2384,3287
2026-08-09T12:37:24,37692,141,3287
2026-08-09T12:37:24,39536,141,3287
2026-08-09T12:37:24,42336,2501,3287
2026-08-09T12:37:24,42344,2406,3287
2026-08-09T12:37:24,44364,142,3287
2026-08-09T12:37:24,45328,2359,3287
2026-08-09T12:37:24,47072,2925,3287
2026-08-09T12:37:24,47540,140,3287
2026-08-09T12:37:24,48136,141,3287
2026-08-09T12:37:54,24324,140,3155
2026-08-09T12:37:54,25616,2397,3155
2026-08-09T12:37:54,26504,2383,3155
2026-08-09T12:37:54,37692,141,3155
2026-08-09T12:37:54,39536,141,3155
2026-08-09T12:37:54,42336,2500,3155
2026-08-09T12:37:54,42344,2404,3155
2026-08-09T12:37:54,44364,142,3155
2026-08-09T12:37:54,45328,2360,3155
2026-08-09T12:37:54,47072,2921,3155
2026-08-09T12:37:54,47540,140,3155
2026-08-09T12:37:54,48136,141,3155
2026-08-09T12:38:24,24324,141,3171
2026-08-09T12:38:24,25616,2398,3171
2026-08-09T12:38:24,26504,2383,3171
2026-08-09T12:38:24,37692,141,3171
2026-08-09T12:38:24,39536,141,3171
2026-08-09T12:38:24,42336,2498,3171
2026-08-09T12:38:24,42344,2404,3171
2026-08-09T12:38:24,44364,142,3171
2026-08-09T12:38:24,45328,2362,3171
2026-08-09T12:38:24,47072,2925,3171
2026-08-09T12:38:24,47540,140,3171
2026-08-09T12:38:24,48136,141,3171
2026-08-09T12:38:54,24324,141,3194
2026-08-09T12:38:54,25616,2399,3194
2026-08-09T12:38:54,26504,2388,3194
2026-08-09T12:38:54,37692,141,3194
2026-08-09T12:38:54,39536,141,3194
2026-08-09T12:38:54,42336,2494,3194
2026-08-09T12:38:54,42344,2410,3194
2026-08-09T12:38:54,44364,142,3194
2026-08-09T12:38:54,45328,2360,3194
2026-08-09T12:38:54,47072,2918,3194
2026-08-09T12:38:54,47540,140,3194
2026-08-09T12:38:54,48136,141,3194
2026-08-09T12:39:25,24324,141,3191
2026-08-09T12:39:25,25616,2399,3191
2026-08-09T12:39:25,26504,2386,3191
2026-08-09T12:39:25,37692,141,3191
2026-08-09T12:39:25,39536,141,3191
2026-08-09T12:39:25,42336,2494,3191
2026-08-09T12:39:25,42344,2406,3191
2026-08-09T12:39:25,44364,142,3191
2026-08-09T12:39:25,45328,2359,3191
2026-08-09T12:39:25,47072,2916,3191
2026-08-09T12:39:25,47540,140,3191
2026-08-09T12:39:25,48136,141,3191
2026-08-09T12:39:55,24324,141,3017
2026-08-09T12:39:55,25616,2398,3017
2026-08-09T12:39:55,26504,2387,3017
2026-08-09T12:39:55,37692,142,3017
2026-08-09T12:39:55,39536,141,3017
2026-08-09T12:39:55,42336,2494,3017
2026-08-09T12:39:55,42344,2406,3017
2026-08-09T12:39:55,44364,142,3017
2026-08-09T12:39:55,45328,2358,3017
2026-08-09T12:39:55,47072,2920,3017
2026-08-09T12:39:55,47540,140,3017
2026-08-09T12:39:55,48136,141,3017
2026-08-09T12:40:25,24324,141,3217
2026-08-09T12:40:25,25616,2398,3217
2026-08-09T12:40:25,26504,2391,3217
2026-08-09T12:40:25,37692,142,3217
2026-08-09T12:40:25,39536,141,3217
2026-08-09T12:40:25,42336,2496,3217
2026-08-09T12:40:25,42344,2404,3217
2026-08-09T12:40:25,44364,142,3217
2026-08-09T12:40:25,45328,2362,3217
2026-08-09T12:40:25,47072,2922,3217
2026-08-09T12:40:25,47540,140,3217
2026-08-09T12:40:25,48136,141,3217
2026-08-09T12:40:55,24324,141,3155
2026-08-09T12:40:55,25616,2402,3155
2026-08-09T12:40:55,26504,2395,3155
2026-08-09T12:40:55,37692,142,3155
2026-08-09T12:40:55,39536,141,3155
2026-08-09T12:40:55,42336,2497,3155
2026-08-09T12:40:55,42344,2405,3155
2026-08-09T12:40:55,44364,142,3155
2026-08-09T12:40:55,45328,2365,3155
2026-08-09T12:40:55,47072,2921,3155
2026-08-09T12:40:55,47540,140,3155
2026-08-09T12:40:55,48136,141,3155
2026-08-09T12:41:26,24324,141,3419
2026-08-09T12:41:26,25616,2402,3419
2026-08-09T12:41:26,26504,2395,3419
2026-08-09T12:41:26,37692,142,3419
2026-08-09T12:41:26,39536,141,3419
2026-08-09T12:41:26,42336,2496,3419
2026-08-09T12:41:26,42344,2403,3419
2026-08-09T12:41:26,44364,142,3419
2026-08-09T12:41:26,45328,2360,3419
2026-08-09T12:41:26,47072,2934,3419
2026-08-09T12:41:26,47540,140,3419
2026-08-09T12:41:26,48136,141,3419
2026-08-09T12:41:56,24324,141,3194
2026-08-09T12:41:56,25616,2402,3194
2026-08-09T12:41:56,26504,2388,3194
2026-08-09T12:41:56,37692,142,3194
2026-08-09T12:41:56,39536,141,3194
2026-08-09T12:41:56,42336,2495,3194
2026-08-09T12:41:56,42344,2414,3194
2026-08-09T12:41:56,44364,142,3194
2026-08-09T12:41:56,45328,2360,3194
2026-08-09T12:41:56,47072,2927,3194
2026-08-09T12:41:56,47540,140,3194
2026-08-09T12:41:56,48136,141,3194
2026-08-09T12:42:26,24324,141,3443
2026-08-09T12:42:26,25616,2401,3443
2026-08-09T12:42:26,26504,2387,3443
2026-08-09T12:42:26,37692,142,3443
2026-08-09T12:42:26,39536,141,3443
2026-08-09T12:42:26,42336,2496,3443
2026-08-09T12:42:26,42344,2416,3443
2026-08-09T12:42:26,44364,142,3443
2026-08-09T12:42:26,45328,2360,3443
2026-08-09T12:42:26,47072,2926,3443
2026-08-09T12:42:26,47540,140,3443
2026-08-09T12:42:26,48136,141,3443
2026-08-09T12:42:56,24324,141,3190
2026-08-09T12:42:56,25616,2400,3190
2026-08-09T12:42:56,26504,2387,3190
2026-08-09T12:42:56,37692,142,3190
2026-08-09T12:42:56,39536,141,3190
2026-08-09T12:42:56,42336,2497,3190
2026-08-09T12:42:56,42344,2411,3190
2026-08-09T12:42:56,44364,142,3190
2026-08-09T12:42:56,45328,2361,3190
2026-08-09T12:42:56,47072,2927,3190
2026-08-09T12:42:56,47540,140,3190
2026-08-09T12:42:56,48136,141,3190
2026-08-09T12:43:26,24324,141,3290
2026-08-09T12:43:26,25616,2401,3290
2026-08-09T12:43:26,26504,2389,3290
2026-08-09T12:43:26,37692,142,3290
2026-08-09T12:43:26,39536,140,3290
2026-08-09T12:43:26,42336,2496,3290
2026-08-09T12:43:26,42344,2410,3290
2026-08-09T12:43:26,44364,142,3290
2026-08-09T12:43:26,45328,2362,3290
2026-08-09T12:43:26,47072,2930,3290
2026-08-09T12:43:26,47540,140,3290
2026-08-09T12:43:26,48136,141,3290
2026-08-09T12:43:56,24324,141,3271
2026-08-09T12:43:56,25616,2401,3271
2026-08-09T12:43:56,26504,2390,3271
2026-08-09T12:43:56,37692,142,3271
2026-08-09T12:43:56,39536,141,3271
2026-08-09T12:43:56,42336,2495,3271
2026-08-09T12:43:56,42344,2410,3271
2026-08-09T12:43:56,44364,142,3271
2026-08-09T12:43:56,45328,2360,3271
2026-08-09T12:43:56,47072,2926,3271
2026-08-09T12:43:56,47540,140,3271
2026-08-09T12:43:56,48136,141,3271
2026-08-09T12:44:27,24324,141,3409
2026-08-09T12:44:27,25616,2401,3409
2026-08-09T12:44:27,26504,2389,3409
2026-08-09T12:44:27,37692,142,3409
2026-08-09T12:44:27,39536,141,3409
2026-08-09T12:44:27,42336,2496,3409
2026-08-09T12:44:27,42344,2409,3409
2026-08-09T12:44:27,44364,142,3409
2026-08-09T12:44:27,45328,2361,3409
2026-08-09T12:44:27,47072,2932,3409
2026-08-09T12:44:27,47540,140,3409
2026-08-09T12:44:27,48136,141,3409
2026-08-09T12:44:57,24324,141,3165
2026-08-09T12:44:57,25616,2399,3165
2026-08-09T12:44:57,26504,2391,3165
2026-08-09T12:44:57,37692,142,3165
2026-08-09T12:44:57,39536,141,3165
2026-08-09T12:44:57,42336,2495,3165
2026-08-09T12:44:57,42344,2411,3165
2026-08-09T12:44:57,44364,142,3165
2026-08-09T12:44:57,45328,2361,3165
2026-08-09T12:44:57,47072,2931,3165
2026-08-09T12:44:57,47540,140,3165
2026-08-09T12:44:57,48136,141,3165
2026-08-09T12:45:27,24324,141,3359
2026-08-09T12:45:27,25616,2401,3359
2026-08-09T12:45:27,26504,2390,3359
2026-08-09T12:45:27,37692,142,3359
2026-08-09T12:45:27,39536,141,3359
2026-08-09T12:45:27,42336,2497,3359
2026-08-09T12:45:27,42344,2416,3359
2026-08-09T12:45:27,44364,142,3359
2026-08-09T12:45:27,45328,2363,3359
2026-08-09T12:45:27,47072,2938,3359
2026-08-09T12:45:27,47540,140,3359
2026-08-09T12:45:27,48136,141,3359
2026-08-09T12:45:57,24324,141,3182
2026-08-09T12:45:57,25616,2400,3182
2026-08-09T12:45:57,26504,2394,3182
2026-08-09T12:45:57,37692,142,3182
2026-08-09T12:45:57,39536,141,3182
2026-08-09T12:45:57,42336,2497,3182
2026-08-09T12:45:57,42344,2412,3182
2026-08-09T12:45:57,44364,142,3182
2026-08-09T12:45:57,45328,2359,3182
2026-08-09T12:45:57,47072,2935,3182
2026-08-09T12:45:57,47540,140,3182
2026-08-09T12:45:57,48136,141,3182
2026-08-09T12:46:27,24324,141,3602
2026-08-09T12:46:27,25616,2400,3602
2026-08-09T12:46:27,26504,2394,3602
2026-08-09T12:46:27,37692,142,3602
2026-08-09T12:46:27,39536,141,3602
2026-08-09T12:46:27,42336,2498,3602
2026-08-09T12:46:27,42344,2410,3602
2026-08-09T12:46:27,44364,142,3602
2026-08-09T12:46:27,45328,2358,3602
2026-08-09T12:46:27,47072,2939,3602
2026-08-09T12:46:27,47540,140,3602
2026-08-09T12:46:27,48136,141,3602
2026-08-09T12:46:58,24324,141,3337
2026-08-09T12:46:58,25616,2401,3337
2026-08-09T12:46:58,26504,2393,3337
2026-08-09T12:46:58,37692,142,3337
2026-08-09T12:46:58,39536,141,3337
2026-08-09T12:46:58,42336,2494,3337
2026-08-09T12:46:58,42344,2408,3337
2026-08-09T12:46:58,44364,142,3337
2026-08-09T12:46:58,45328,2357,3337
2026-08-09T12:46:58,47072,2937,3337
2026-08-09T12:46:58,47540,140,3337
2026-08-09T12:46:58,48136,141,3337
2026-08-09T12:47:28,24324,141,3479
2026-08-09T12:47:28,25616,2402,3479
2026-08-09T12:47:28,26504,2394,3479
2026-08-09T12:47:28,37692,142,3479
2026-08-09T12:47:28,39536,141,3479
2026-08-09T12:47:28,42336,2499,3479
2026-08-09T12:47:28,42344,2402,3479
2026-08-09T12:47:28,44364,142,3479
2026-08-09T12:47:28,45328,2356,3479
2026-08-09T12:47:28,47072,2941,3479
2026-08-09T12:47:28,47540,140,3479
2026-08-09T12:47:28,48136,141,3479
2026-08-09T12:47:58,24324,141,3275
2026-08-09T12:47:58,25616,2401,3275
2026-08-09T12:47:58,26504,2395,3275
2026-08-09T12:47:58,37692,142,3275
2026-08-09T12:47:58,39536,141,3275
2026-08-09T12:47:58,42336,2500,3275
2026-08-09T12:47:58,42344,2405,3275
2026-08-09T12:47:58,44364,142,3275
2026-08-09T12:47:58,45328,2358,3275
2026-08-09T12:47:58,47072,2935,3275
2026-08-09T12:47:58,47540,140,3275
2026-08-09T12:47:58,48136,141,3275
2026-08-09T12:48:28,24324,141,3310
2026-08-09T12:48:28,25616,2402,3310
2026-08-09T12:48:28,26504,2398,3310
2026-08-09T12:48:28,37692,142,3310
2026-08-09T12:48:28,39536,141,3310
2026-08-09T12:48:28,42336,2497,3310
2026-08-09T12:48:28,42344,2402,3310
2026-08-09T12:48:28,44364,142,3310
2026-08-09T12:48:28,45328,2356,3310
2026-08-09T12:48:28,47072,2939,3310
2026-08-09T12:48:28,47540,140,3310
2026-08-09T12:48:28,48136,141,3310
2026-08-09T12:48:59,24324,141,3400
2026-08-09T12:48:59,25616,2404,3400
2026-08-09T12:48:59,26504,2393,3400
2026-08-09T12:48:59,37692,142,3400
2026-08-09T12:48:59,39536,141,3400
2026-08-09T12:48:59,42336,2497,3400
2026-08-09T12:48:59,42344,2399,3400
2026-08-09T12:48:59,44364,142,3400
2026-08-09T12:48:59,45328,2356,3400
2026-08-09T12:48:59,47072,2944,3400
2026-08-09T12:48:59,47540,140,3400
2026-08-09T12:48:59,48136,141,3400
2026-08-09T12:49:29,24324,141,3574
2026-08-09T12:49:29,25616,2404,3574
2026-08-09T12:49:29,26504,2393,3574
2026-08-09T12:49:29,37692,142,3574
2026-08-09T12:49:29,39536,141,3574
2026-08-09T12:49:29,42336,2497,3574
2026-08-09T12:49:29,42344,2406,3574
2026-08-09T12:49:29,44364,142,3574
2026-08-09T12:49:29,45328,2358,3574
2026-08-09T12:49:29,47072,2947,3574
2026-08-09T12:49:29,47540,140,3574
2026-08-09T12:49:29,48136,141,3574
2026-08-09T12:49:59,24324,141,3299
2026-08-09T12:49:59,25616,2405,3299
2026-08-09T12:49:59,26504,2395,3299
2026-08-09T12:49:59,37692,142,3299
2026-08-09T12:49:59,39536,141,3299
2026-08-09T12:49:59,42336,2496,3299
2026-08-09T12:49:59,42344,2408,3299
2026-08-09T12:49:59,44364,142,3299
2026-08-09T12:49:59,45328,2359,3299
2026-08-09T12:49:59,47072,2952,3299
2026-08-09T12:49:59,47540,140,3299
2026-08-09T12:49:59,48136,141,3299
2026-08-09T12:50:29,24324,141,3531
2026-08-09T12:50:29,25616,2406,3531
2026-08-09T12:50:29,26504,2397,3531
2026-08-09T12:50:29,37692,142,3531
2026-08-09T12:50:29,39536,141,3531
2026-08-09T12:50:29,42336,2494,3531
2026-08-09T12:50:29,42344,2401,3531
2026-08-09T12:50:29,44364,142,3531
2026-08-09T12:50:29,45328,2358,3531
2026-08-09T12:50:29,47072,2959,3531
2026-08-09T12:50:29,47540,140,3531
2026-08-09T12:50:29,48136,141,3531
2026-08-09T12:50:59,24324,141,3269
2026-08-09T12:50:59,25616,2403,3269
2026-08-09T12:50:59,26504,2397,3269
2026-08-09T12:50:59,37692,142,3269
2026-08-09T12:50:59,39536,141,3269
2026-08-09T12:50:59,42336,2498,3269
2026-08-09T12:50:59,42344,2403,3269
2026-08-09T12:50:59,44364,142,3269
2026-08-09T12:50:59,45328,2367,3269
2026-08-09T12:50:59,47072,2963,3269
2026-08-09T12:50:59,47540,140,3269
2026-08-09T12:50:59,48136,141,3269
2026-08-09T12:51:30,24324,141,3770
2026-08-09T12:51:30,25616,2404,3770
2026-08-09T12:51:30,26504,2397,3770
2026-08-09T12:51:30,37692,142,3770
2026-08-09T12:51:30,39536,141,3770
2026-08-09T12:51:30,42336,2496,3770
2026-08-09T12:51:30,42344,2406,3770
2026-08-09T12:51:30,44364,142,3770
2026-08-09T12:51:30,45328,2365,3770
2026-08-09T12:51:30,47072,2962,3770
2026-08-09T12:51:30,47540,140,3770
2026-08-09T12:51:30,48136,141,3770
2026-08-09T12:52:00,24324,141,3586
2026-08-09T12:52:00,25616,2397,3586
2026-08-09T12:52:00,26504,2396,3586
2026-08-09T12:52:00,37692,142,3586
2026-08-09T12:52:00,39536,141,3586
2026-08-09T12:52:00,42336,2497,3586
2026-08-09T12:52:00,42344,2405,3586
2026-08-09T12:52:00,44364,142,3586
2026-08-09T12:52:00,45328,2364,3586
2026-08-09T12:52:00,47072,2964,3586
2026-08-09T12:52:00,47540,140,3586
2026-08-09T12:52:00,48136,141,3586
2026-08-09T12:52:30,24324,141,3823
2026-08-09T12:52:30,25616,2397,3823
2026-08-09T12:52:30,26504,2394,3823
2026-08-09T12:52:30,37692,142,3823
2026-08-09T12:52:30,39536,141,3823
2026-08-09T12:52:30,42336,2497,3823
2026-08-09T12:52:30,42344,2403,3823
2026-08-09T12:52:30,44364,142,3823
2026-08-09T12:52:30,45328,2367,3823
2026-08-09T12:52:30,47072,2962,3823
2026-08-09T12:52:30,47540,140,3823
2026-08-09T12:52:30,48136,141,3823
2026-08-09T12:53:00,24324,141,3539
2026-08-09T12:53:00,25616,2398,3539
2026-08-09T12:53:00,26504,2394,3539
2026-08-09T12:53:00,37692,142,3539
2026-08-09T12:53:00,39536,141,3539
2026-08-09T12:53:00,42336,2497,3539
2026-08-09T12:53:00,42344,2399,3539
2026-08-09T12:53:00,44364,142,3539
2026-08-09T12:53:00,45328,2365,3539
2026-08-09T12:53:00,47072,2965,3539
2026-08-09T12:53:00,47540,140,3539
2026-08-09T12:53:00,48136,141,3539
2026-08-09T12:53:30,24324,141,3611
2026-08-09T12:53:30,25616,2399,3611
2026-08-09T12:53:30,26504,2395,3611
2026-08-09T12:53:30,37692,142,3611
2026-08-09T12:53:30,39536,141,3611
2026-08-09T12:53:30,42336,2499,3611
2026-08-09T12:53:30,42344,2400,3611
2026-08-09T12:53:30,44364,142,3611
2026-08-09T12:53:30,45328,2362,3611
2026-08-09T12:53:30,47072,2964,3611
2026-08-09T12:53:30,47540,140,3611
2026-08-09T12:53:30,48136,142,3611
2026-08-09T12:54:01,24324,141,3636
2026-08-09T12:54:01,25616,2400,3636
2026-08-09T12:54:01,26504,2394,3636
2026-08-09T12:54:01,37692,142,3636
2026-08-09T12:54:01,39536,141,3636
2026-08-09T12:54:01,42336,2498,3636
2026-08-09T12:54:01,42344,2401,3636
2026-08-09T12:54:01,44364,142,3636
2026-08-09T12:54:01,45328,2363,3636
2026-08-09T12:54:01,47072,2966,3636
2026-08-09T12:54:01,47540,141,3636
2026-08-09T12:54:01,48136,142,3636
2026-08-09T12:54:31,24324,141,3789
2026-08-09T12:54:31,25616,2398,3789
2026-08-09T12:54:31,26504,2392,3789
2026-08-09T12:54:31,37692,142,3789
2026-08-09T12:54:31,39536,141,3789
2026-08-09T12:54:31,42336,2498,3789
2026-08-09T12:54:31,42344,2403,3789
2026-08-09T12:54:31,44364,142,3789
2026-08-09T12:54:31,45328,2363,3789
2026-08-09T12:54:31,47072,2965,3789
2026-08-09T12:54:31,47540,141,3789
2026-08-09T12:54:31,48136,142,3789
2026-08-09T12:55:01,24324,141,3591
2026-08-09T12:55:01,25616,2399,3591
2026-08-09T12:55:01,26504,2393,3591
2026-08-09T12:55:01,37692,142,3591
2026-08-09T12:55:01,39536,141,3591
2026-08-09T12:55:01,42336,2497,3591
2026-08-09T12:55:01,42344,2401,3591
2026-08-09T12:55:01,44364,142,3591
2026-08-09T12:55:01,45328,2362,3591
2026-08-09T12:55:01,47072,2969,3591
2026-08-09T12:55:01,47540,141,3591
2026-08-09T12:55:01,48136,142,3591
2026-08-09T12:55:31,24324,141,3623
2026-08-09T12:55:31,25616,2400,3623
2026-08-09T12:55:31,26504,2392,3623
2026-08-09T12:55:31,37692,142,3623
2026-08-09T12:55:31,39536,141,3623
2026-08-09T12:55:31,42336,2496,3623
2026-08-09T12:55:31,42344,2405,3623
2026-08-09T12:55:31,44364,142,3623
2026-08-09T12:55:31,45328,2362,3623
2026-08-09T12:55:31,47072,2970,3623
2026-08-09T12:55:31,47540,140,3623
2026-08-09T12:55:31,48136,142,3623
2026-08-09T12:56:01,24324,141,3345
2026-08-09T12:56:01,25616,2400,3345
2026-08-09T12:56:01,26504,2396,3345
2026-08-09T12:56:01,37692,142,3345
2026-08-09T12:56:01,39536,141,3345
2026-08-09T12:56:01,42336,2501,3345
2026-08-09T12:56:01,42344,2403,3345
2026-08-09T12:56:01,44364,142,3345
2026-08-09T12:56:01,45328,2360,3345
2026-08-09T12:56:01,47072,2977,3345
2026-08-09T12:56:01,47540,141,3345
2026-08-09T12:56:01,48136,142,3345
2026-08-09T12:56:32,24324,141,3664
2026-08-09T12:56:32,25616,2397,3664
2026-08-09T12:56:32,26504,2390,3664
2026-08-09T12:56:32,37692,142,3664
2026-08-09T12:56:32,39536,141,3664
2026-08-09T12:56:32,42336,2500,3664
2026-08-09T12:56:32,42344,2402,3664
2026-08-09T12:56:32,44364,143,3664
2026-08-09T12:56:32,45328,2359,3664
2026-08-09T12:56:32,47072,2981,3664
2026-08-09T12:56:32,47540,141,3664
2026-08-09T12:56:32,48136,142,3664
2026-08-09T12:57:02,24324,141,3492
2026-08-09T12:57:02,25616,2397,3492
2026-08-09T12:57:02,26504,2390,3492
2026-08-09T12:57:02,37692,142,3492
2026-08-09T12:57:02,39536,141,3492
2026-08-09T12:57:02,42336,2501,3492
2026-08-09T12:57:02,42344,2400,3492
2026-08-09T12:57:02,44364,142,3492
2026-08-09T12:57:02,45328,2362,3492
2026-08-09T12:57:02,47072,2983,3492
2026-08-09T12:57:02,47540,141,3492
2026-08-09T12:57:02,48136,142,3492
2026-08-09T12:57:32,24324,141,3391
2026-08-09T12:57:32,25616,2397,3391
2026-08-09T12:57:32,26504,2392,3391
2026-08-09T12:57:32,37692,142,3391
2026-08-09T12:57:32,39536,141,3391
2026-08-09T12:57:32,42336,2502,3391
2026-08-09T12:57:32,42344,2400,3391
2026-08-09T12:57:32,44364,143,3391
2026-08-09T12:57:32,45328,2359,3391
2026-08-09T12:57:32,47072,2983,3391
2026-08-09T12:57:32,47540,141,3391
2026-08-09T12:57:32,48136,142,3391
2026-08-09T12:58:02,24324,141,3509
2026-08-09T12:58:02,25616,2396,3509
2026-08-09T12:58:02,26504,2391,3509
2026-08-09T12:58:02,37692,142,3509
2026-08-09T12:58:02,39536,141,3509
2026-08-09T12:58:02,42336,2501,3509
2026-08-09T12:58:02,42344,2400,3509
2026-08-09T12:58:02,44364,143,3509
2026-08-09T12:58:02,45328,2362,3509
2026-08-09T12:58:02,47072,2983,3509
2026-08-09T12:58:02,47540,141,3509
2026-08-09T12:58:02,48136,142,3509
2026-08-09T12:58:32,24324,141,3491
2026-08-09T12:58:32,25616,2399,3491
2026-08-09T12:58:32,26504,2392,3491
2026-08-09T12:58:32,37692,142,3491
2026-08-09T12:58:32,39536,141,3491
2026-08-09T12:58:32,42336,2498,3491
2026-08-09T12:58:32,42344,2402,3491
2026-08-09T12:58:32,44364,143,3491
2026-08-09T12:58:32,45328,2363,3491
2026-08-09T12:58:32,47072,2985,3491
2026-08-09T12:58:32,47540,141,3491
2026-08-09T12:58:32,48136,142,3491
2026-08-09T12:59:03,24324,141,3555
2026-08-09T12:59:03,25616,2397,3555
2026-08-09T12:59:03,26504,2390,3555
2026-08-09T12:59:03,37692,142,3555
2026-08-09T12:59:03,39536,141,3555
2026-08-09T12:59:03,42336,2496,3555
2026-08-09T12:59:03,42344,2402,3555
2026-08-09T12:59:03,44364,143,3555
2026-08-09T12:59:03,45328,2362,3555
2026-08-09T12:59:03,47072,2989,3555
2026-08-09T12:59:03,47540,141,3555
2026-08-09T12:59:03,48136,142,3555
2026-08-09T12:59:33,24324,141,3364
2026-08-09T12:59:33,25616,2399,3364
2026-08-09T12:59:33,26504,2390,3364
2026-08-09T12:59:33,37692,142,3364
2026-08-09T12:59:33,39536,141,3364
2026-08-09T12:59:33,42336,2496,3364
2026-08-09T12:59:33,42344,2403,3364
2026-08-09T12:59:33,44364,143,3364
2026-08-09T12:59:33,45328,2363,3364
2026-08-09T12:59:33,47072,2988,3364
2026-08-09T12:59:33,47540,141,3364
2026-08-09T12:59:33,48136,142,3364
2026-08-09T13:00:03,24324,141,3649
2026-08-09T13:00:03,25616,2398,3649
2026-08-09T13:00:03,26504,2396,3649
2026-08-09T13:00:03,37692,142,3649
2026-08-09T13:00:03,39536,141,3649
2026-08-09T13:00:03,42336,2499,3649
2026-08-09T13:00:03,42344,2407,3649
2026-08-09T13:00:03,44364,143,3649
2026-08-09T13:00:03,45328,2366,3649
2026-08-09T13:00:03,47072,2988,3649
2026-08-09T13:00:03,47540,141,3649
2026-08-09T13:00:03,48136,142,3649
2026-08-09T13:00:33,24324,141,3441
2026-08-09T13:00:33,25616,2398,3441
2026-08-09T13:00:33,26504,2394,3441
2026-08-09T13:00:33,37692,142,3441
2026-08-09T13:00:33,39536,141,3441
2026-08-09T13:00:33,42336,2499,3441
2026-08-09T13:00:33,42344,2408,3441
2026-08-09T13:00:33,44364,143,3441
2026-08-09T13:00:33,45328,2368,3441
2026-08-09T13:00:33,47072,2988,3441
2026-08-09T13:00:33,47540,141,3441
2026-08-09T13:00:33,48136,142,3441
2026-08-09T13:01:03,24324,141,3638
2026-08-09T13:01:03,25616,2399,3638
2026-08-09T13:01:03,26504,2397,3638
2026-08-09T13:01:03,37692,142,3638
2026-08-09T13:01:03,39536,141,3638
2026-08-09T13:01:03,42336,2501,3638
2026-08-09T13:01:03,42344,2407,3638
2026-08-09T13:01:03,44364,143,3638
2026-08-09T13:01:03,45328,2365,3638
2026-08-09T13:01:03,47072,2988,3638
2026-08-09T13:01:03,47540,141,3638
2026-08-09T13:01:03,48136,142,3638
2026-08-09T13:01:34,24324,141,3438
2026-08-09T13:01:34,25616,2399,3438
2026-08-09T13:01:34,26504,2397,3438
2026-08-09T13:01:34,37692,143,3438
2026-08-09T13:01:34,39536,141,3438
2026-08-09T13:01:34,42336,2500,3438
2026-08-09T13:01:34,42344,2409,3438
2026-08-09T13:01:34,44364,143,3438
2026-08-09T13:01:34,45328,2366,3438
2026-08-09T13:01:34,47072,2991,3438
2026-08-09T13:01:34,47540,141,3438
2026-08-09T13:01:34,48136,142,3438
2026-08-09T13:02:04,24324,141,3592
2026-08-09T13:02:04,25616,2399,3592
2026-08-09T13:02:04,26504,2393,3592
2026-08-09T13:02:04,37692,143,3592
2026-08-09T13:02:04,39536,141,3592
2026-08-09T13:02:04,42336,2500,3592
2026-08-09T13:02:04,42344,2409,3592
2026-08-09T13:02:04,44364,143,3592
2026-08-09T13:02:04,45328,2368,3592
2026-08-09T13:02:04,47072,2996,3592
2026-08-09T13:02:04,47540,141,3592
2026-08-09T13:02:04,48136,142,3592
2026-08-09T13:02:34,24324,141,3365
2026-08-09T13:02:34,25616,2399,3365
2026-08-09T13:02:34,26504,2394,3365
2026-08-09T13:02:34,37692,143,3365
2026-08-09T13:02:34,39536,141,3365
2026-08-09T13:02:34,42336,2499,3365
2026-08-09T13:02:34,42344,2405,3365
2026-08-09T13:02:34,44364,143,3365
2026-08-09T13:02:34,45328,2370,3365
2026-08-09T13:02:34,47072,2999,3365
2026-08-09T13:02:34,47540,141,3365
2026-08-09T13:02:34,48136,142,3365
2026-08-09T13:03:04,24324,141,3482
2026-08-09T13:03:04,25616,2398,3482
2026-08-09T13:03:04,26504,2398,3482
2026-08-09T13:03:04,37692,143,3482
2026-08-09T13:03:04,39536,141,3482
2026-08-09T13:03:04,42336,2496,3482
2026-08-09T13:03:04,42344,2402,3482
2026-08-09T13:03:04,44364,143,3482
2026-08-09T13:03:04,45328,2367,3482
2026-08-09T13:03:04,47072,3002,3482
2026-08-09T13:03:04,47540,141,3482
2026-08-09T13:03:04,48136,142,3482
2026-08-09T13:03:34,24324,141,3508
2026-08-09T13:03:34,25616,2397,3508
2026-08-09T13:03:34,26504,2393,3508
2026-08-09T13:03:34,37692,143,3508
2026-08-09T13:03:34,39536,143,3508
2026-08-09T13:03:34,42336,2497,3508
2026-08-09T13:03:34,42344,2403,3508
2026-08-09T13:03:34,44364,143,3508
2026-08-09T13:03:34,45328,2365,3508
2026-08-09T13:03:34,47072,3002,3508
2026-08-09T13:03:34,47540,141,3508
2026-08-09T13:03:34,48136,142,3508
2026-08-09T13:04:05,24324,141,3559
2026-08-09T13:04:05,25616,2402,3559
2026-08-09T13:04:05,26504,2390,3559
2026-08-09T13:04:05,37692,143,3559
2026-08-09T13:04:05,39536,141,3559
2026-08-09T13:04:05,42336,2497,3559
2026-08-09T13:04:05,42344,2403,3559
2026-08-09T13:04:05,44364,143,3559
2026-08-09T13:04:05,45328,2367,3559
2026-08-09T13:04:05,47072,3008,3559
2026-08-09T13:04:05,47540,141,3559
2026-08-09T13:04:05,48136,142,3559
2026-08-09T13:04:35,24324,141,3459
2026-08-09T13:04:35,25616,2401,3459
2026-08-09T13:04:35,26504,2391,3459
2026-08-09T13:04:35,37692,143,3459
2026-08-09T13:04:35,39536,141,3459
2026-08-09T13:04:35,42336,2497,3459
2026-08-09T13:04:35,42344,2403,3459
2026-08-09T13:04:35,44364,143,3459
2026-08-09T13:04:35,45328,2365,3459
2026-08-09T13:04:35,47072,3007,3459
2026-08-09T13:04:35,47540,141,3459
2026-08-09T13:04:35,48136,142,3459
2026-08-09T13:05:05,24324,141,5622
2026-08-09T13:05:05,25616,2406,5622
2026-08-09T13:05:05,26504,1721,5622
2026-08-09T13:05:05,37692,143,5622
2026-08-09T13:05:05,39536,142,5622
2026-08-09T13:05:05,42336,2516,5622
2026-08-09T13:05:05,42344,1747,5622
2026-08-09T13:05:05,44364,143,5622
2026-08-09T13:05:05,45328,1622,5622
2026-08-09T13:05:05,47072,1944,5622
2026-08-09T13:05:05,47540,141,5622
2026-08-09T13:05:05,48136,142,5622
2026-08-09T13:05:35,24324,141,2817
2026-08-09T13:05:35,25616,2392,2817
2026-08-09T13:05:35,26504,2419,2817
2026-08-09T13:05:35,37692,143,2817
2026-08-09T13:05:35,39536,141,2817
2026-08-09T13:05:35,42336,2515,2817
2026-08-09T13:05:35,42344,2461,2817
2026-08-09T13:05:35,44364,143,2817
2026-08-09T13:05:35,45328,2395,2817
2026-08-09T13:05:35,47072,2656,2817
2026-08-09T13:05:35,47540,141,2817
2026-08-09T13:05:35,48136,142,2817
2026-08-09T13:06:05,24324,141,3060
2026-08-09T13:06:05,25616,2426,3060
2026-08-09T13:06:05,26504,2425,3060
2026-08-09T13:06:05,37692,143,3060
2026-08-09T13:06:05,39536,141,3060
2026-08-09T13:06:05,42336,2515,3060
2026-08-09T13:06:05,42344,2475,3060
2026-08-09T13:06:05,44364,143,3060
2026-08-09T13:06:05,45328,2401,3060
2026-08-09T13:06:05,47072,2649,3060
2026-08-09T13:06:05,47540,141,3060
2026-08-09T13:06:05,48136,142,3060
2026-08-09T13:06:36,24324,141,2902
2026-08-09T13:06:36,25616,2428,2902
2026-08-09T13:06:36,26504,2425,2902
2026-08-09T13:06:36,37692,143,2902
2026-08-09T13:06:36,39536,141,2902
2026-08-09T13:06:36,42336,2514,2902
2026-08-09T13:06:36,42344,2468,2902
2026-08-09T13:06:36,44364,143,2902
2026-08-09T13:06:36,45328,2389,2902
2026-08-09T13:06:36,47072,2662,2902
2026-08-09T13:06:36,47540,141,2902
2026-08-09T13:06:36,48136,142,2902
2026-08-09T13:07:06,24324,141,3088
2026-08-09T13:07:06,25616,2432,3088
2026-08-09T13:07:06,26504,2419,3088
2026-08-09T13:07:06,37692,143,3088
2026-08-09T13:07:06,39536,141,3088
2026-08-09T13:07:06,42336,2516,3088
2026-08-09T13:07:06,42344,2472,3088
2026-08-09T13:07:06,44364,143,3088
2026-08-09T13:07:06,45328,2388,3088
2026-08-09T13:07:06,47072,2675,3088
2026-08-09T13:07:06,47540,141,3088
2026-08-09T13:07:06,48136,142,3088
2026-08-09T13:07:36,24324,141,2884
2026-08-09T13:07:36,25616,2418,2884
2026-08-09T13:07:36,26504,2416,2884
2026-08-09T13:07:36,37692,143,2884
2026-08-09T13:07:36,39536,141,2884
2026-08-09T13:07:36,42336,2511,2884
2026-08-09T13:07:36,42344,2463,2884
2026-08-09T13:07:36,44364,143,2884
2026-08-09T13:07:36,45328,2391,2884
2026-08-09T13:07:36,47072,2677,2884
2026-08-09T13:07:36,47540,141,2884
2026-08-09T13:07:36,48136,142,2884
2026-08-09T13:08:06,24324,141,2836
2026-08-09T13:08:06,25616,2423,2836
2026-08-09T13:08:06,26504,2428,2836
2026-08-09T13:08:06,37692,143,2836
2026-08-09T13:08:06,39536,141,2836
2026-08-09T13:08:06,42336,2512,2836
2026-08-09T13:08:06,42344,2470,2836
2026-08-09T13:08:06,44364,143,2836
2026-08-09T13:08:06,45328,2384,2836
2026-08-09T13:08:06,47072,2682,2836
2026-08-09T13:08:06,47540,141,2836
2026-08-09T13:08:06,48136,142,2836
2026-08-09T13:08:36,24324,141,2862
2026-08-09T13:08:36,25616,2431,2862
2026-08-09T13:08:36,26504,2426,2862
2026-08-09T13:08:36,37692,143,2862
2026-08-09T13:08:36,39536,141,2862
2026-08-09T13:08:36,42336,2516,2862
2026-08-09T13:08:36,42344,2464,2862
2026-08-09T13:08:36,44364,143,2862
2026-08-09T13:08:36,45328,2385,2862
2026-08-09T13:08:36,47072,2677,2862
2026-08-09T13:08:36,47540,141,2862
2026-08-09T13:08:36,48136,142,2862
2026-08-09T13:09:07,24324,141,2900
2026-08-09T13:09:07,25616,2418,2900
2026-08-09T13:09:07,26504,2422,2900
2026-08-09T13:09:07,37692,143,2900
2026-08-09T13:09:07,39536,141,2900
2026-08-09T13:09:07,42336,2510,2900
2026-08-09T13:09:07,42344,2471,2900
2026-08-09T13:09:07,44364,143,2900
2026-08-09T13:09:07,45328,2388,2900
2026-08-09T13:09:07,47072,2685,2900
2026-08-09T13:09:07,47540,141,2900
2026-08-09T13:09:07,48136,142,2900
2026-08-09T13:09:37,24324,141,2820
2026-08-09T13:09:37,25616,2426,2820
2026-08-09T13:09:37,26504,2420,2820
2026-08-09T13:09:37,37692,143,2820
2026-08-09T13:09:37,39536,141,2820
2026-08-09T13:09:37,42336,2516,2820
2026-08-09T13:09:37,42344,2468,2820
2026-08-09T13:09:37,44364,143,2820
2026-08-09T13:09:37,45328,2394,2820
2026-08-09T13:09:37,47072,2686,2820
2026-08-09T13:09:37,47540,141,2820
2026-08-09T13:09:37,48136,142,2820
2026-08-09T13:10:07,24324,141,2950
2026-08-09T13:10:07,25616,2434,2950
2026-08-09T13:10:07,26504,2418,2950
2026-08-09T13:10:07,37692,143,2950
2026-08-09T13:10:07,39536,141,2950
2026-08-09T13:10:07,42336,2512,2950
2026-08-09T13:10:07,42344,2476,2950
2026-08-09T13:10:07,44364,143,2950
2026-08-09T13:10:07,45328,2382,2950
2026-08-09T13:10:07,47072,2686,2950
2026-08-09T13:10:07,47540,141,2950
2026-08-09T13:10:07,48136,142,2950
2026-08-09T13:10:37,24324,142,2753
2026-08-09T13:10:37,25616,2420,2753
2026-08-09T13:10:37,26504,2417,2753
2026-08-09T13:10:37,37692,143,2753
2026-08-09T13:10:37,39536,141,2753
2026-08-09T13:10:37,42336,2481,2753
2026-08-09T13:10:37,42344,2483,2753
2026-08-09T13:10:37,44364,143,2753
2026-08-09T13:10:37,45328,2387,2753
2026-08-09T13:10:37,47072,2690,2753
2026-08-09T13:10:37,47540,141,2753
2026-08-09T13:10:37,48136,142,2753
2026-08-09T13:11:07,24324,142,2959
2026-08-09T13:11:07,25616,2424,2959
2026-08-09T13:11:07,26504,2415,2959
2026-08-09T13:11:07,37692,143,2959
2026-08-09T13:11:07,39536,141,2959
2026-08-09T13:11:07,42336,2482,2959
2026-08-09T13:11:07,42344,2477,2959
2026-08-09T13:11:07,44364,143,2959
2026-08-09T13:11:07,45328,2392,2959
2026-08-09T13:11:07,47072,2700,2959
2026-08-09T13:11:07,47540,141,2959
2026-08-09T13:11:07,48136,142,2959
2026-08-09T13:11:38,24324,141,2766
2026-08-09T13:11:38,25616,2430,2766
2026-08-09T13:11:38,26504,2414,2766
2026-08-09T13:11:38,37692,143,2766
2026-08-09T13:11:38,39536,141,2766
2026-08-09T13:11:38,42336,2481,2766
2026-08-09T13:11:38,42344,2485,2766
2026-08-09T13:11:38,44364,143,2766
2026-08-09T13:11:38,45328,2381,2766
2026-08-09T13:11:38,47072,2696,2766
2026-08-09T13:11:38,47540,141,2766
2026-08-09T13:11:38,48136,142,2766
2026-08-09T13:12:08,24324,141,2944
2026-08-09T13:12:08,25616,2415,2944
2026-08-09T13:12:08,26504,2413,2944
2026-08-09T13:12:08,37692,143,2944
2026-08-09T13:12:08,39536,141,2944
2026-08-09T13:12:08,42336,2481,2944
2026-08-09T13:12:08,42344,2477,2944
2026-08-09T13:12:08,44364,143,2944
2026-08-09T13:12:08,45328,2384,2944
2026-08-09T13:12:08,47072,2702,2944
2026-08-09T13:12:08,47540,141,2944
2026-08-09T13:12:08,48136,142,2944
2026-08-09T13:12:38,24324,141,2617
2026-08-09T13:12:38,25616,2421,2617
2026-08-09T13:12:38,26504,2412,2617
2026-08-09T13:12:38,37692,143,2617
2026-08-09T13:12:38,39536,141,2617
2026-08-09T13:12:38,42336,2478,2617
2026-08-09T13:12:38,42344,2487,2617
2026-08-09T13:12:38,44364,143,2617
2026-08-09T13:12:38,45328,2392,2617
2026-08-09T13:12:38,47072,2695,2617
2026-08-09T13:12:38,47540,141,2617
2026-08-09T13:12:38,48136,142,2617
2026-08-09T13:13:08,24324,142,2707
2026-08-09T13:13:08,25616,2413,2707
2026-08-09T13:13:08,26504,2424,2707
2026-08-09T13:13:08,37692,143,2707
2026-08-09T13:13:08,39536,141,2707
2026-08-09T13:13:08,42336,2478,2707
2026-08-09T13:13:08,42344,2487,2707
2026-08-09T13:13:08,44364,143,2707
2026-08-09T13:13:08,45328,2381,2707
2026-08-09T13:13:08,47072,2692,2707
2026-08-09T13:13:08,47540,141,2707
2026-08-09T13:13:08,48136,142,2707
2026-08-09T13:13:38,24324,142,2763
2026-08-09T13:13:38,25616,2419,2763
2026-08-09T13:13:38,26504,2423,2763
2026-08-09T13:13:38,37692,143,2763
2026-08-09T13:13:38,39536,141,2763
2026-08-09T13:13:38,42336,2478,2763
2026-08-09T13:13:38,42344,2496,2763
2026-08-09T13:13:38,44364,143,2763
2026-08-09T13:13:38,45328,2385,2763
2026-08-09T13:13:38,47072,2692,2763
2026-08-09T13:13:38,47540,141,2763
2026-08-09T13:13:38,48136,142,2763
